{
    "access": "start access",
    "administrative tools": "start \"Administrative Tools\"",
    "brave": "start brave",
    "character map": "start charmap",
    "check for fxsound updates": "start \"Check for FxSound updates\"",
    "command prompt": "start cmd",
    "component services": "start \"Component Services\"",
    "computer": "start computer",
    "computer management": "start \"Computer Management\"",
    "control panel": "start control",
    "database compare": "start \"Database Compare\"",
    "dfrgui": "start dfrgui",
    "disk cleanup": "start cleanmgr",
    "elly": "start elly",
    "event viewer": "start eventvwr",
    "excel": "start excel",
    "file explorer": "start explorer",
    "fxsound": "start fxsound",
    "idle (python 3.13 64-bit)": "start \"IDLE (Python 3.13 64-bit)\"",
    "immersive control panel": "start \"Immersive Control Panel\"",
    "intel driver & support assistant": "start \"Intel Driver & Support Assistant\"",
    "internet explorer": "start iexplore",
    "iscsi initiator": "start iscsci",
    "magnify": "start magnify",
    "math input panel": "start \"Math Input Panel\"",
    "memory diagnostics tool": "start mdsched",
    "microsoft edge": "start msedge",
    "narrator": "start narrator",
    "notepad": "start notepad",
    "odbc data sources (32-bit)": "start \"ODBC Data Sources (32-bit)\"",
    "odbc data sources (64-bit)": "start \"ODBC Data Sources (64-bit)\"",
    "office language preferences": "start \"Office Language Preferences\"",
    "onedrive": "start onedrive",
    "onedrive for business": "start \"OneDrive for Business\"",
    "onenote": "start onenote",
    "on-screen keyboard": "start osk",
    "outlook (classic)": "start outlook",
    "paint": "start mspaint",
    "performance monitor": "start perfmon",
    "powerpoint": "start powerpnt",
    "print management": "start \"Print Management\"",
    "publisher": "start mspub",
    "python 3.13 (64-bit)": "start python",
    "python 3.13 manuals (64-bit)": "start \"Python 3.13 Manuals (64-bit)\"",
    "python 3.13 module docs (64-bit)": "start \"Python 3.13 Module Docs (64-bit)\"",
    "quick assist": "start \"Quick Assist\"",
    "recoverydrive": "start recoverydrive",
    "registry editor": "start regedit",
    "remote desktop connection": "start mstsc",
    "resource monitor": "start resmon",
    "run": "start run",
    "security configuration management": "start \"Security Configuration Management\"",
    "services": "start services.msc",
    "skype for business": "start lync",
    "skype for business recording manager": "start \"Skype for Business Recording Manager\"",
    "snipping tool": "start snippingtool",
    "speech recognition": "start \"Speech Recognition\"",
    "spreadsheet compare": "start \"Spreadsheet Compare\"",
    "steps recorder": "start psr",
    "sticky notes (new)": "start \"Sticky Notes\"",
    "system configuration": "start msconfig",
    "system information": "start msinfo32",
    "task manager": "start taskmgr",
    "task scheduler": "start taskschd.msc",
    "teamviewer": "start \"C:\\Program Files\\TeamViewer\\TeamViewer.exe\"",
    "telemetry log for office": "start \"Telemetry Log for Office\"",
    "uninstall xxx usb display": "start \"Uninstall XXX USB Display\"",
    "windows defender firewall with advanced security": "start wf.msc",
    "windows fax and scan": "start wfs",
    "windows media player": "start wmplayer",
    "windows powershell": "start powershell",
    "windows powershell (x86)": "start \"Windows PowerShell (x86)\"",
    "windows powershell ise": "start powershell_ise",
    "windows powershell ise (x86)": "start \"Windows PowerShell ISE (x86)\"",
    "word": "start winword",
    "wordpad": "start wordpad",
    "wsl": "start wsl",
    "wsl settings": "start \"WSL Settings\"",
    "xxx usb display": "start \"XXX USB Display\""
}
